Name,H,1B,2B,HR,R,RBI,BB,IBB,SO,SB,AVG
A.J. Ellis,114.000,80.000,20.000,13.000,44.000,52.000,65.000,11.000,107.000,0.000,0.270
A.J. Pierzynski,137.167,95.833,24.667,15.500,56.000,60.333,20.333,4.167,63.667,1.167,0.277
A.J. Pollock,192.000,127.000,39.000,20.000,111.000,76.000,53.000,0.000,89.000,39.000,0.315
Aaron Hill,152.333,95.667,33.833,20.500,77.667,76.667,39.833,2.000,89.167,8.500,0.262
Aaron Judge,154.000,75.000,24.000,52.000,128.000,114.000,127.000,11.000,208.000,9.000,0.284
Aaron Rowand,156.000,99.667,37.333,18.333,74.333,74.333,40.333,4.000,123.333,4.000,0.280
Adam Dunn,124.286,63.714,23.857,36.143,77.429,94.286,95.429,8.857,182.143,2.143,0.238
Adam Duvall,139.500,69.000,34.000,32.000,81.500,101.000,40.000,1.000,167.000,5.500,0.245
Adam Eaton,165.667,119.000,27.667,9.667,88.333,50.000,54.667,1.333,109.667,15.667,0.290
Adam Jones,161.800,107.300,27.000,24.800,82.100,80.300,27.900,1.700,115.800,8.300,0.278
Adam Kennedy,153.000,112.000,29.000,11.000,65.000,63.000,45.000,2.000,86.000,20.000,0.289
Adam LaRoche,141.429,83.143,31.714,25.000,72.714,87.143,64.857,7.714,134.857,1.714,0.264
Adam Lind,142.400,85.800,30.400,25.400,69.000,85.400,49.000,6.000,112.800,0.600,0.272
Addison Russell,120.000,74.000,27.000,17.000,63.500,74.500,48.500,4.000,142.000,4.500,0.240
Adeiny Hechavarria,130.333,103.000,17.000,2.333,45.000,38.000,29.667,4.333,85.000,6.333,0.246
Adonis Garcia,145.000,102.000,29.000,14.000,65.000,65.000,24.000,4.000,93.000,3.000,0.273
Adrian Beltre,172.667,109.111,34.778,27.333,84.556,93.444,42.778,7.222,77.111,3.333,0.301
Adrian Gonzalez,173.700,108.300,36.700,27.700,86.100,104.000,68.700,14.300,116.800,0.600,0.290
Akinori Iwamura,156.000,114.500,25.500,6.500,86.500,41.000,64.000,1.500,122.500,10.000,0.279
Albert Pujols,170.800,101.700,34.000,34.700,92.600,109.600,71.800,20.100,69.700,7.300,0.293
Alberto Callaspo,138.200,100.600,26.200,9.400,60.200,57.200,50.000,3.600,49.400,3.800,0.273
Alcides Escobar,151.875,116.250,24.875,4.500,66.125,49.625,24.750,2.000,85.375,20.250,0.259
Alejandro De Aza,142.333,98.333,26.667,11.333,73.667,51.000,45.333,2.000,125.000,21.000,0.266
Alex Avila,137.000,81.000,33.000,19.000,63.000,82.000,73.000,9.000,131.000,3.000,0.295
Alex Bregman,158.000,95.000,39.000,19.000,88.000,71.000,55.000,2.000,97.000,17.000,0.284
Alex Gonzalez,142.500,87.000,34.500,19.000,66.500,72.000,26.500,1.500,122.000,1.500,0.245
Alex Gordon,143.875,91.125,33.000,16.625,77.125,64.750,57.625,4.000,134.625,11.000,0.258
Alex Rios,162.000,105.625,34.000,17.125,81.375,74.125,36.375,2.750,97.000,25.000,0.276
Alex Rodriguez,143.667,84.667,24.833,33.333,92.667,104.500,72.333,6.000,115.500,12.833,0.282
Alexei Ramirez,154.111,111.778,27.667,12.778,66.778,65.556,29.222,2.000,72.222,15.889,0.270
Alfonso Soriano,136.286,73.857,32.286,28.286,72.286,82.286,38.000,5.143,128.000,11.143,0.263
Allen Craig,134.333,91.000,28.000,14.333,62.667,78.333,37.333,1.000,100.667,2.000,0.279
Andre Ethier,147.286,91.857,34.857,18.571,71.857,76.000,57.857,8.429,99.429,2.857,0.286
Andrelton Simmons,147.000,106.500,26.500,10.500,64.250,54.500,39.500,2.750,57.500,8.500,0.259
Andres Torres,136.000,69.000,43.000,16.000,84.000,63.000,56.000,2.000,128.000,26.000,0.268
Andrew Benintendi,155.000,108.000,26.000,20.000,84.000,90.000,70.000,7.000,112.000,20.000,0.271
Andrew McCutchen,167.375,105.875,33.250,23.875,92.500,83.875,78.875,7.625,119.375,18.625,0.291
Andruw Jones,127.000,72.000,27.000,26.000,83.000,94.000,70.000,4.000,138.000,5.000,0.222
Andy LaRoche,135.000,89.000,29.000,12.000,64.000,64.000,50.000,1.000,84.000,3.000,0.258
Angel Pagan,147.600,105.000,27.600,8.200,73.800,54.600,42.000,3.000,83.000,25.000,0.276
Anthony Gose,123.000,86.000,24.000,5.000,73.000,26.000,45.000,0.000,145.000,23.000,0.254
Anthony Rendon,160.667,96.333,39.333,22.000,94.333,89.333,69.000,3.333,101.000,12.000,0.286
Anthony Rizzo,156.000,87.200,36.200,30.000,89.400,95.400,78.400,8.400,109.200,8.200,0.272
Aramis Ramirez,147.286,88.143,34.143,23.286,70.286,90.571,41.429,4.429,77.714,2.286,0.282
Asdrubal Cabrera,143.250,91.750,33.125,15.875,71.875,66.500,43.500,2.500,102.750,9.500,0.270
Aubrey Huff,151.600,94.000,34.800,20.000,73.600,82.000,56.400,5.400,88.800,3.400,0.272
Austin Jackson,154.167,108.833,28.333,9.167,87.000,49.333,49.667,1.167,147.333,17.667,0.273
Austin Kearns,156.000,104.000,35.000,16.000,84.000,74.000,71.000,5.000,106.000,2.000,0.266
Avisail Garcia,156.500,115.500,22.000,15.500,70.500,69.500,34.500,4.000,126.000,6.000,0.293
Ben Gamel,140.000,97.000,27.000,11.000,68.000,59.000,36.000,1.000,122.000,4.000,0.275
Ben Revere,171.667,147.667,16.000,1.333,75.000,35.000,24.667,0.333,55.667,40.000,0.302
Ben Zobrist,147.625,92.375,34.750,16.250,85.625,73.250,82.750,3.750,94.375,13.000,0.271
Bengie Molina,140.667,96.000,25.667,18.333,45.333,85.333,15.667,3.333,53.000,0.000,0.278
Bill Hall,115.000,66.000,35.000,14.000,59.000,63.000,40.000,1.000,128.000,4.000,0.254
Billy Burns,153.000,121.000,18.000,5.000,70.000,42.000,26.000,1.000,81.000,26.000,0.294
Billy Butler,170.000,115.000,37.000,17.571,69.000,83.714,59.857,7.571,98.000,0.714,0.291
Billy Hamilton,142.500,107.000,21.000,5.000,78.500,43.000,39.000,0.000,125.000,57.500,0.248
Bobby Abreu,157.800,103.400,35.800,15.800,92.200,88.400,83.200,3.400,116.400,24.400,0.276
Bobby Crosby,132.000,85.000,39.000,7.000,66.000,61.000,47.000,0.000,96.000,7.000,0.237
Brad Hawpe,143.667,81.667,33.000,25.667,77.000,95.667,78.667,8.000,138.667,1.000,0.286
Brad Miller,133.000,68.000,29.000,30.000,73.000,81.000,47.000,0.000,149.000,6.000,0.243
Brandon Belt,144.667,84.000,37.667,17.333,75.333,72.333,70.667,3.333,140.000,4.667,0.281
Brandon Crawford,131.600,84.800,27.800,13.200,59.200,71.400,47.800,7.600,114.400,4.400,0.256
Brandon Inge,125.333,81.667,23.000,18.000,60.667,75.000,51.667,3.333,151.333,5.000,0.238
Brandon Moss,112.333,62.000,23.333,24.667,63.333,75.333,55.333,4.667,147.000,1.667,0.239
Brandon Phillips,166.600,116.300,29.200,17.900,84.900,78.500,33.900,3.000,83.100,17.800,0.281
Brendan Harris,149.000,99.000,35.000,12.000,72.000,59.000,42.000,1.000,96.000,4.000,0.286
Brennan Boesch,116.000,76.500,24.000,13.000,50.500,60.500,33.000,3.000,101.500,6.500,0.248
Brett Gardner,143.000,100.429,24.429,11.571,88.857,51.857,65.286,0.857,116.857,28.571,0.264
Brett Lawrie,140.500,96.500,27.500,13.500,68.500,54.000,30.500,0.500,115.000,9.000,0.267
Brian Dozier,152.200,85.600,34.000,29.000,99.000,81.200,68.000,3.000,135.200,16.200,0.252
Brian Giles,151.000,102.000,33.500,12.500,76.500,57.000,75.500,3.500,56.500,3.000,0.288
Brian McCann,129.143,79.286,27.000,22.286,60.143,84.286,50.857,6.000,83.143,2.429,0.265
Brian Roberts,180.000,113.333,49.667,12.333,106.667,64.333,81.667,4.000,105.000,40.000,0.290
Brock Holt,127.000,92.000,27.000,2.000,56.000,45.000,46.000,0.000,97.000,8.000,0.280
Bryce Harper,146.333,83.667,29.333,29.333,100.000,81.333,96.000,11.667,122.667,15.000,0.281
Buster Posey,165.167,113.833,32.667,17.667,71.500,84.333,59.500,8.333,70.167,2.833,0.311
Byron Buxton,117.000,81.000,14.000,16.000,69.000,51.000,38.000,2.000,150.000,29.000,0.253
Cameron Maybin,131.333,96.667,20.667,9.000,71.333,48.000,44.333,1.333,112.333,29.667,0.258
Carl Crawford,170.500,116.250,31.000,14.000,91.000,73.500,38.000,2.500,104.750,43.750,0.295
Carlos Beltran,149.375,89.000,33.000,25.000,79.875,87.500,56.000,6.875,99.625,8.500,0.278
Carlos Correa,158.000,99.000,36.000,20.000,76.000,96.000,75.000,5.000,139.000,13.000,0.274
Carlos Delgado,150.500,88.000,31.000,31.000,83.500,101.000,62.000,13.500,121.000,2.500,0.265
Carlos Gomez,154.667,101.333,28.333,18.000,84.667,68.333,36.333,0.667,143.000,35.667,0.275
Carlos Gonzalez,157.167,94.667,32.167,26.833,89.667,91.333,48.667,7.000,122.667,12.167,0.294
Carlos Guillen,167.000,102.000,35.000,21.000,86.000,102.000,55.000,10.000,93.000,13.000,0.296
Carlos Lee,165.600,107.800,34.400,21.800,68.800,96.200,49.600,5.600,56.400,5.000,0.278
Carlos Pena,111.667,54.833,23.333,31.833,79.000,91.333,93.500,6.833,162.000,2.333,0.229
Carlos Quentin,124.000,66.000,25.500,31.000,84.500,93.500,58.000,1.500,81.500,4.500,0.266
Carlos Santana,136.571,78.857,31.857,24.000,78.571,80.714,98.429,5.143,111.857,5.286,0.248
Casey Blake,142.000,89.250,31.250,18.500,73.000,75.500,53.500,6.000,124.250,2.500,0.268
Casey Kotchman,142.333,99.000,29.667,11.667,57.667,63.333,45.667,3.667,49.333,2.000,0.291
Casey McGehee,157.667,112.667,30.333,13.333,57.333,82.333,54.000,4.000,102.667,1.667,0.265
Cesar Hernandez,155.500,119.500,20.000,7.500,76.000,36.500,63.500,2.500,110.000,16.000,0.294
Cesar Izturis,109.000,94.000,13.000,1.000,42.000,28.000,25.000,1.000,53.000,11.000,0.230
Charlie Blackmon,186.750,121.500,32.000,25.500,105.750,79.000,46.250,5.000,111.250,25.500,0.307
Chase Headley,140.875,96.750,27.875,14.625,69.625,63.750,60.500,2.625,134.750,9.500,0.261
Chase Utley,150.571,93.571,32.000,20.714,90.000,80.571,57.571,5.429,92.143,11.286,0.284
Cheslor Cuthbert,130.000,89.000,28.000,12.000,49.000,46.000,32.000,0.000,96.000,2.000,0.274
Chipper Jones,146.750,92.500,30.500,21.750,81.500,79.500,81.000,13.500,76.250,3.750,0.310
Chone Figgins,152.500,123.750,22.250,2.500,82.250,42.250,72.000,0.750,97.250,39.750,0.291
Chris Carter,116.667,55.667,24.000,35.667,72.000,88.000,67.333,2.667,200.000,3.333,0.224
Chris Coghlan,136.000,89.500,28.000,12.500,74.000,44.000,55.500,4.000,85.500,9.500,0.285
Chris Davis,127.833,66.167,24.167,37.167,84.500,92.833,67.000,6.667,193.833,2.000,0.242
Chris Denorfia,132.000,99.000,21.000,10.000,67.000,47.000,42.000,2.000,84.000,11.000,0.279
Chris Johnson,151.667,108.000,29.667,12.333,48.333,67.333,27.667,3.000,135.667,3.667,0.288
Chris Owings,117.000,81.000,27.000,4.000,59.000,43.000,26.000,3.000,144.000,16.000,0.227
Chris Taylor,148.000,88.000,34.000,21.000,85.000,72.000,50.000,0.000,142.000,17.000,0.288
Chris Young,143.500,79.500,35.500,25.250,88.250,78.750,64.750,1.750,147.500,22.750,0.244
Christian Yelich,162.500,112.000,33.500,13.750,83.750,69.250,67.250,3.250,128.250,15.500,0.291
Cliff Pennington,131.500,93.500,26.000,7.000,60.500,52.000,46.000,0.500,100.000,21.500,0.257
Clint Barmes,135.000,77.000,32.000,23.000,69.000,76.000,31.000,2.000,121.000,12.000,0.245
Coco Crisp,129.400,88.600,24.600,11.200,76.600,54.600,52.600,1.600,68.800,31.200,0.260
Cody Bellinger,128.000,59.000,26.000,39.000,87.000,97.000,64.000,13.000,146.000,10.000,0.267
Cody Ross,134.750,79.750,32.000,20.500,68.250,77.250,36.500,2.500,122.000,5.500,0.266
Colby Rasmus,119.750,73.000,23.750,19.000,76.750,61.500,49.000,4.750,127.000,6.000,0.244
Conor Gillaspie,131.000,88.000,31.000,7.000,50.000,57.000,36.000,4.000,78.000,0.000,0.282
Conor Jackson,162.000,113.000,31.000,12.000,87.000,75.000,59.000,3.000,61.000,10.000,0.300
Corey Dickerson,145.500,82.000,34.500,25.500,70.500,66.000,34.000,6.000,143.000,2.000,0.263
Corey Hart,152.600,86.600,34.400,26.200,84.800,84.000,40.600,2.600,122.600,13.000,0.280
Corey Patterson,124.000,88.000,26.000,8.000,65.000,45.000,21.000,1.000,65.000,37.000,0.269
Corey Seager,176.000,113.000,36.500,24.000,95.000,74.500,60.500,5.000,132.000,3.500,0.301
Craig Biggio,130.000,86.000,31.000,10.000,68.000,50.000,23.000,0.000,112.000,4.000,0.251
Cristian Guzman,167.000,124.000,29.500,7.500,75.500,53.500,19.500,0.500,66.000,5.000,0.300
Curtis Granderson,140.500,78.700,25.600,28.500,97.200,76.200,72.300,2.800,141.800,13.400,0.251
DJ LeMahieu,170.750,133.750,24.000,7.500,85.750,58.250,52.000,3.500,93.500,12.500,0.306
Dan Uggla,133.429,73.714,29.286,29.143,89.714,84.286,78.286,3.000,161.714,2.857,0.238
Daniel Murphy,165.286,107.286,40.143,14.571,75.857,76.143,37.571,6.857,72.000,8.429,0.297
Daniel Nava,139.000,98.000,29.000,12.000,77.000,66.000,51.000,2.000,93.000,0.000,0.303
Danny Espinosa,130.000,80.000,27.000,20.667,73.333,64.667,52.333,6.667,176.333,15.333,0.231
Danny Valencia,137.000,94.500,25.000,16.000,67.500,61.500,40.500,1.500,108.500,1.500,0.267
Dansby Swanson,113.000,82.000,23.000,6.000,59.000,51.000,59.000,10.000,120.000,3.000,0.232
Daric Barton,126.500,87.000,25.000,9.500,69.000,52.000,87.500,3.500,100.500,4.500,0.249
Darwin Barney,129.667,96.000,24.667,5.333,62.667,42.667,30.333,2.667,63.000,6.333,0.246
David DeJesus,142.400,98.600,26.000,10.200,76.200,59.600,53.400,2.400,83.200,7.200,0.270
David Eckstein,131.000,100.000,27.000,2.000,64.000,51.000,39.000,1.000,46.000,3.000,0.260
David Freese,125.000,89.000,23.000,12.250,55.000,61.500,50.000,2.000,117.000,1.250,0.270
David Murphy,139.000,92.000,29.000,15.000,65.000,61.000,54.000,7.000,74.000,10.000,0.304
David Ortiz,152.750,79.750,39.125,33.000,82.250,107.000,81.625,15.375,103.625,1.250,0.289
David Peralta,149.000,98.500,28.500,15.500,71.500,67.500,43.500,1.500,100.500,8.500,0.302
David Wright,172.833,110.667,38.333,21.833,91.333,93.667,75.667,8.167,126.500,19.667,0.299
Dayan Viciedo,125.000,80.000,20.000,23.000,64.500,68.000,30.000,1.500,121.000,0.000,0.243
Dee Gordon,194.000,159.000,22.667,2.667,98.000,37.667,27.000,0.667,97.000,60.667,0.310
Delmon Young,160.600,112.400,32.000,14.800,66.000,82.400,26.400,3.400,102.000,6.000,0.282
Denard Span,161.857,119.143,28.429,6.714,80.714,49.571,51.714,0.857,73.571,20.143,0.282
Derek Jeter,186.143,145.000,28.000,10.857,91.143,63.429,52.714,1.714,91.286,15.571,0.299
Derek Norris,129.000,80.000,33.000,14.000,65.000,62.000,35.000,1.000,131.000,4.000,0.250
Derrek Lee,166.500,102.250,38.750,24.000,88.750,90.750,72.750,4.500,119.000,4.000,0.293
Desmond Jennings,124.667,80.667,26.667,12.333,77.000,45.667,52.333,0.333,114.333,22.000,0.247
Dexter Fowler,126.857,82.286,25.286,9.429,78.429,42.429,69.857,1.143,123.429,15.429,0.271
Didi Gregorius,149.000,102.000,27.667,18.000,66.000,71.000,25.667,1.000,79.000,5.000,0.276
Dioner Navarro,132.000,98.000,22.000,12.000,40.000,69.000,32.000,1.000,76.000,3.000,0.274
Dmitri Young,147.000,95.000,38.000,13.000,57.000,74.000,44.000,6.000,74.000,0.000,0.320
Domingo Santana,146.000,87.000,29.000,30.000,88.000,85.000,73.000,2.000,178.000,15.000,0.278
Domonic Brown,123.000,80.500,21.500,18.500,56.000,73.000,36.500,4.500,94.000,7.500,0.254
Drew Stubbs,127.667,89.000,18.000,17.000,86.000,53.667,53.333,1.000,179.667,33.333,0.237
Dustin Ackley,130.000,89.500,24.500,13.000,74.000,57.500,45.500,4.000,107.000,10.500,0.235
Dustin Pedroia,183.500,127.500,41.000,13.375,96.250,71.500,61.250,2.375,63.375,15.375,0.304
Eddie Rosario,157.000,95.000,33.000,27.000,79.000,78.000,35.000,1.000,106.000,9.000,0.290
Edgar Renteria,138.333,104.333,23.667,9.000,68.667,53.333,40.667,2.000,70.000,8.000,0.284
Eduardo Nunez,159.000,115.000,24.000,16.000,73.000,67.000,29.000,3.000,88.000,40.000,0.288
Edwin Encarnacion,141.556,80.333,28.333,32.222,84.222,95.111,71.000,5.000,96.889,5.111,0.270
Elvis Andrus,161.889,123.333,27.889,6.111,83.111,58.222,49.556,0.444,87.222,29.556,0.276
Emilio Bonifacio,141.500,113.500,18.500,3.000,75.000,31.500,46.500,0.500,112.000,30.500,0.274
Ender Inciarte,170.667,132.333,26.000,6.667,83.667,43.667,40.000,2.667,73.333,19.667,0.299
Eric Byrnes,179.000,120.000,30.000,21.000,103.000,83.000,57.000,5.000,98.000,50.000,0.286
Eric Hosmer,161.714,111.857,29.429,18.143,78.143,80.857,51.429,4.714,102.000,8.571,0.283
Eric Thames,116.000,55.000,26.000,31.000,83.000,63.000,75.000,5.000,163.000,4.000,0.247
Eric Young,134.000,98.000,27.000,2.000,70.000,32.000,46.000,1.000,100.000,46.000,0.249
Erick Aybar,153.000,113.286,28.286,6.286,70.857,51.000,28.857,1.429,65.429,18.429,0.279
Eugenio Suarez,139.500,89.000,25.000,23.500,82.500,76.000,67.500,0.500,151.000,7.500,0.254
Evan Gattis,139.000,81.000,20.000,27.000,66.000,88.000,30.000,3.000,119.000,0.000,0.246
Evan Longoria,154.667,89.444,36.000,27.111,82.333,93.000,59.556,7.889,128.778,5.444,0.269
Felipe Lopez,157.000,115.000,30.333,8.000,74.000,51.000,55.667,2.333,97.000,12.667,0.279
Francisco Cervelli,133.000,104.000,17.000,7.000,56.000,43.000,46.000,1.000,94.000,1.000,0.295
Francisco Lindor,180.000,115.500,37.000,24.000,99.000,83.500,58.500,4.500,90.500,17.000,0.287
Frank Thomas,147.000,91.000,30.000,26.000,63.000,95.000,81.000,3.000,94.000,0.000,0.277
Franklin Gutierrez,149.500,108.000,24.500,15.000,73.000,67.000,48.000,4.000,129.500,20.500,0.264
Fred Lewis,132.000,87.000,25.000,9.000,81.000,40.000,51.000,3.000,124.000,21.000,0.282
Freddie Freeman,160.833,98.167,35.500,24.500,87.667,86.500,71.167,8.833,133.833,4.000,0.293
Freddy Galvis,147.667,107.000,23.000,13.000,65.000,59.333,33.333,3.000,116.667,13.667,0.253
Freddy Sanchez,168.500,121.500,34.000,10.000,76.000,66.500,26.500,1.500,69.500,0.000,0.287
Gaby Sanchez,154.000,97.500,36.000,19.000,72.000,81.500,65.500,3.000,99.000,4.000,0.270
Garret Anderson,148.000,105.500,27.000,14.000,59.000,72.500,28.000,4.000,75.000,4.000,0.280
Garrett Atkins,178.500,120.000,33.500,23.000,84.500,105.000,53.500,1.500,98.000,2.000,0.293
Garrett Jones,132.667,78.000,31.667,21.000,63.667,75.000,44.000,2.667,114.000,3.000,0.256
Gary Matthews Jr.,130.000,83.000,26.000,18.000,79.000,72.000,55.000,6.000,102.000,18.000,0.252
Gary Sanchez,131.000,78.000,20.000,33.000,79.000,90.000,40.000,1.000,120.000,2.000,0.278
Gary Sheffield,131.000,85.000,20.000,25.000,107.000,75.000,84.000,2.000,71.000,22.000,0.265
George Springer,161.500,98.500,29.000,31.500,114.000,83.500,76.000,1.500,144.500,7.000,0.272
Geovany Soto,141.000,81.000,35.000,23.000,66.000,86.000,62.000,6.000,121.000,0.000,0.285
Gerardo Parra,152.667,103.667,33.667,11.000,75.333,46.333,36.000,3.667,97.333,11.000,0.273
Giancarlo Stanton,141.000,71.250,29.750,38.500,88.250,96.500,80.750,12.000,159.750,5.250,0.270
Gordon Beckham,119.000,82.500,23.500,13.000,61.000,52.000,37.500,0.000,100.000,5.000,0.232
Grady Sizemore,150.667,89.333,31.000,25.000,97.333,77.333,86.333,8.000,125.667,28.000,0.264
Gregor Blanco,114.000,91.500,15.500,2.000,51.000,39.500,63.000,3.000,97.000,13.500,0.258
Gregory Polanco,144.000,89.000,34.500,15.500,81.000,69.000,54.000,6.000,120.000,22.000,0.257
Hanley Ramirez,163.500,103.125,33.500,24.625,90.625,83.250,61.250,7.125,107.875,23.750,0.293
Hideki Matsui,135.750,87.500,25.250,21.500,68.750,87.250,65.000,3.000,82.500,1.250,0.271
Howie Kendrick,155.000,109.833,30.500,10.667,69.167,62.333,35.167,3.500,103.833,12.000,0.283
Hunter Pence,166.250,109.750,28.750,22.625,83.750,85.875,49.375,2.125,119.250,11.625,0.278
Ian Desmond,153.143,102.143,29.571,18.286,74.571,72.286,38.714,1.571,148.000,20.286,0.267
Ian Kinsler,159.300,101.200,33.100,21.100,101.100,73.900,53.800,0.800,80.700,19.900,0.272
Ichiro Suzuki,198.286,162.429,24.000,7.143,84.286,48.000,37.714,10.714,70.286,33.857,0.306
Ike Davis,128.000,72.500,29.500,25.500,69.500,80.500,66.500,4.500,139.500,1.500,0.245
Ivan Rodriguez,141.000,96.000,31.000,11.000,50.000,63.000,9.000,1.000,96.000,2.000,0.281
J.D. Drew,124.667,74.333,28.000,19.000,79.000,66.667,73.667,6.000,104.667,3.000,0.268
J.D. Martinez,154.500,88.500,34.000,30.000,81.000,85.000,51.000,4.500,153.000,2.000,0.294
J.J. Hardy,154.167,101.500,28.833,22.667,75.000,71.667,38.000,2.500,91.000,1.000,0.266
J.T. Realmuto,151.000,103.500,31.000,14.000,64.000,56.500,32.000,2.500,103.000,10.000,0.290
Jace Peterson,126.000,92.000,23.000,6.000,55.000,52.000,56.000,4.000,120.000,12.000,0.239
Jack Cust,111.667,65.667,17.667,28.000,75.333,76.333,103.000,3.333,182.000,1.333,0.242
Jack Hannahan,95.000,59.000,27.000,9.000,48.000,47.000,55.000,4.000,131.000,2.000,0.218
Jack Wilson,141.000,98.000,29.000,12.000,67.000,56.000,38.000,9.000,46.000,2.000,0.296
Jackie Bradley Jr.,133.500,82.500,24.500,21.500,76.000,75.000,55.500,4.500,133.500,8.500,0.256
Jacoby Ellsbury,171.333,121.333,29.500,13.833,90.833,65.167,48.667,2.500,86.833,45.000,0.289
Jake Lamb,131.500,65.000,30.500,29.500,85.000,98.000,75.500,9.000,153.000,6.000,0.248
James Loney,163.667,118.333,31.833,11.667,62.500,79.500,49.000,6.667,78.667,5.833,0.286
Jamey Carroll,128.500,108.500,16.000,0.500,58.500,28.500,49.500,1.500,61.500,9.500,0.279
Jason Bartlett,137.500,101.750,24.500,6.250,74.250,49.000,49.250,1.500,85.750,21.750,0.271
Jason Bay,137.250,82.750,27.000,25.000,87.750,90.250,72.500,3.500,137.250,9.500,0.261
Jason Castro,103.000,66.000,21.000,14.000,43.000,56.000,34.000,1.000,151.000,1.000,0.222
Jason Giambi,113.000,61.000,19.000,32.000,68.000,96.000,76.000,5.000,111.000,2.000,0.247
Jason Heyward,147.800,99.800,29.000,15.200,78.000,64.200,65.200,2.000,112.200,17.200,0.268
Jason Kendall,116.333,89.333,23.000,2.333,46.333,44.333,42.333,5.000,48.333,6.000,0.243
Jason Kipnis,154.200,103.000,33.400,13.800,82.000,67.000,62.000,2.600,121.000,22.000,0.272
Jason Kubel,134.250,78.500,27.500,24.750,72.500,90.750,54.000,5.750,116.000,0.500,0.268
Jason Varitek,111.000,76.000,15.000,17.000,57.000,68.000,71.000,9.000,122.000,1.000,0.255
Javier Baez,128.000,79.000,24.000,23.000,75.000,75.000,30.000,15.000,144.000,10.000,0.273
Jay Bruce,139.000,76.500,30.000,29.250,80.125,91.000,57.125,7.875,149.125,6.875,0.250
Jayson Werth,146.333,90.167,31.167,24.167,87.667,79.167,76.833,4.167,136.000,12.667,0.275
Jean Segura,160.600,119.600,24.200,10.800,74.800,47.800,27.800,2.400,86.200,28.800,0.283
Jed Lowrie,152.333,97.000,41.000,11.667,75.000,64.667,58.000,3.333,90.000,0.333,0.272
Jedd Gyorko,121.000,72.000,26.000,23.000,62.000,63.000,33.000,1.000,123.000,1.000,0.249
Jeff Francoeur,152.167,101.167,32.667,15.667,68.833,75.500,34.167,5.833,109.167,7.500,0.263
Jeff Kent,149.000,92.000,36.000,20.000,78.000,79.000,57.000,4.000,61.000,1.000,0.302
Jeff Keppinger,148.000,107.000,34.000,6.000,62.000,59.000,51.000,1.000,36.000,4.000,0.288
Jemile Weeks,98.000,73.000,15.000,2.000,54.000,20.000,50.000,0.000,70.000,16.000,0.221
Jeremy Hermida,125.000,83.000,22.000,17.000,74.000,61.000,48.000,5.000,138.000,6.000,0.249
Jermaine Dye,142.333,80.333,31.333,29.667,80.667,85.000,51.000,2.333,106.333,1.667,0.265
Jesus Montero,134.000,99.000,20.000,15.000,46.000,62.000,29.000,4.000,99.000,0.000,0.260
Jhonny Peralta,149.625,98.125,31.875,17.750,69.875,77.500,51.250,2.375,116.500,1.625,0.266
Jim Thome,121.000,63.000,23.500,34.500,86.000,93.000,93.000,10.000,140.500,0.500,0.260
Jimmy Rollins,155.250,99.875,32.000,17.125,89.750,62.000,54.750,3.500,80.500,30.125,0.258
Joc Pederson,101.000,55.000,19.000,26.000,67.000,54.000,92.000,6.000,170.000,4.000,0.210
Joe Mauer,158.222,113.000,32.111,11.000,76.556,69.889,72.000,10.000,80.778,2.556,0.308
Joe Panik,129.000,88.500,24.500,10.000,63.500,57.500,48.000,4.500,50.500,4.500,0.264
Joey Gallo,94.000,32.000,18.000,41.000,85.000,80.000,75.000,1.000,196.000,7.000,0.209
Joey Votto,172.125,106.250,34.625,29.125,95.125,91.750,106.250,13.875,117.250,8.125,0.315
John Buck,106.000,74.000,15.000,16.000,41.000,57.000,54.000,7.000,115.000,0.000,0.227
Johnny Damon,153.000,102.200,31.000,15.400,91.000,68.000,64.200,1.000,88.200,19.600,0.277
Jon Jay,143.000,107.000,25.500,8.500,65.500,52.000,40.000,4.000,92.000,8.000,0.286
Jonathan Lucroy,155.000,99.000,34.000,18.333,66.333,77.333,53.000,3.333,80.000,6.000,0.291
Jonathan Schoop,173.000,107.500,36.500,28.500,87.000,93.500,28.000,0.000,139.500,1.000,0.280
Jonathan Villar,168.000,108.000,38.000,19.000,92.000,63.000,79.000,4.000,174.000,62.000,0.285
Jonny Gomes,136.000,91.000,24.000,18.000,77.000,86.000,39.000,3.000,123.000,5.000,0.266
Jordan Pacheco,147.000,107.000,32.000,5.000,51.000,54.000,22.000,2.000,61.000,7.000,0.309
Jordy Mercer,130.000,90.000,24.333,12.333,58.000,57.333,45.667,11.000,86.667,1.667,0.255
Jorge Cantu,154.667,98.333,37.333,18.667,69.667,83.667,38.667,3.667,95.667,3.000,0.274
Jorge Polanco,125.000,79.000,30.000,13.000,60.000,74.000,41.000,1.000,78.000,13.000,0.256
Jorge Posada,171.000,108.000,42.000,20.000,91.000,90.000,74.000,7.000,98.000,2.000,0.338
Jose Abreu,181.500,111.500,36.000,31.000,82.500,102.500,43.000,9.750,128.750,1.500,0.301
Jose Altuve,198.167,142.000,38.833,13.667,89.167,65.167,43.167,5.667,72.167,37.333,0.319
Jose Bautista,133.375,71.250,28.250,32.500,92.500,89.250,94.250,5.750,110.875,6.625,0.256
Jose Guillen,155.000,102.000,30.667,20.667,68.333,91.000,32.000,2.000,112.333,2.667,0.271
Jose Iglesias,119.000,89.000,26.000,4.000,57.000,32.000,28.000,1.000,50.000,7.000,0.255
Jose Lopez,158.000,109.250,32.250,15.750,64.000,76.250,23.500,2.750,66.500,3.500,0.265
Jose Peraza,126.000,108.000,9.000,5.000,50.000,37.000,20.000,1.000,70.000,23.000,0.259
Jose Ramirez,181.000,105.500,51.000,20.000,95.500,79.500,48.000,3.000,65.500,19.500,0.315
Jose Reyes,168.625,115.750,31.625,11.000,91.000,55.250,49.250,5.625,66.750,40.125,0.286
Jose Vidro,172.000,140.000,26.000,6.000,78.000,59.000,63.000,5.000,57.000,0.000,0.314
Josh Bell,140.000,82.000,26.000,26.000,75.000,90.000,66.000,4.000,117.000,2.000,0.255
Josh Donaldson,169.250,98.250,35.250,32.750,106.500,103.250,83.500,3.250,123.000,6.500,0.284
Josh Hamilton,165.000,96.600,33.800,30.600,89.800,106.200,50.600,8.800,126.800,7.200,0.299
Josh Harrison,144.667,98.667,29.667,11.000,66.667,52.667,22.667,1.000,82.333,16.333,0.290
Josh Reddick,147.000,91.667,29.333,21.667,76.333,81.333,49.000,3.333,96.000,9.333,0.276
Josh Willingham,131.000,71.667,29.333,28.333,76.333,99.000,66.000,2.667,137.667,5.000,0.257
Juan Pierre,184.333,158.667,19.667,1.000,90.667,46.000,40.333,0.000,41.667,53.000,0.282
Juan Rivera,136.000,93.500,23.500,18.000,59.000,81.000,39.500,1.000,66.500,2.500,0.272
Juan Uribe,124.500,79.500,21.000,22.000,59.500,76.500,39.500,4.000,102.000,1.000,0.241
Julio Lugo,135.000,89.000,36.000,8.000,71.000,73.000,48.000,0.000,82.000,33.000,0.237
Justin Morneau,154.833,96.000,33.833,22.833,75.500,96.000,57.500,9.167,89.000,0.333,0.282
Justin Smoak,121.333,74.667,20.667,25.667,62.333,63.667,62.000,2.000,119.333,0.333,0.242
Justin Turner,150.000,91.500,33.000,24.000,75.500,80.500,53.500,3.000,81.500,5.500,0.298
Justin Upton,149.667,89.000,31.000,26.556,89.556,84.333,63.111,4.222,154.000,15.000,0.272
Kaz Matsui,119.000,88.000,20.000,9.000,56.000,46.000,34.000,2.000,85.000,19.000,0.250
Kelly Johnson,140.400,86.800,29.400,18.200,81.200,64.200,66.400,2.400,140.000,12.600,0.259
Ken Griffey Jr.,134.000,82.000,27.000,24.000,72.500,82.000,81.500,14.000,94.000,3.000,0.263
Kendrys Morales,153.833,94.333,32.167,26.500,70.667,90.833,45.833,4.167,117.000,0.500,0.277
Kenji Johjima,139.000,96.000,29.000,14.000,52.000,61.000,15.000,0.000,41.000,0.000,0.287
Kenny Lofton,145.000,107.000,25.000,7.000,86.000,38.000,56.000,1.000,51.000,23.000,0.296
Kevin Kiermaier,133.000,86.000,25.000,10.000,62.000,40.000,24.000,0.000,95.000,18.000,0.263
Kevin Kouzmanoff,141.500,89.750,31.000,18.750,59.250,79.250,26.500,2.500,108.750,1.000,0.259
Kevin Millar,122.500,78.000,25.500,18.500,68.000,67.500,73.500,2.500,93.500,0.500,0.244
Kevin Pillar,153.000,105.333,34.333,11.667,69.000,50.333,28.333,0.333,90.000,18.000,0.267
Kevin Youkilis,136.800,80.800,32.200,21.600,83.000,86.400,67.000,3.600,109.200,3.400,0.280
Khalil Greene,155.000,81.000,44.000,27.000,89.000,97.000,32.000,3.000,128.000,4.000,0.254
Khris Davis,133.000,66.000,29.667,35.667,82.000,93.667,49.000,0.333,161.000,3.000,0.246
Kole Calhoun,148.750,97.750,28.000,20.000,84.000,71.750,55.250,1.250,130.000,4.000,0.261
Kolten Wong,146.000,103.000,28.000,11.000,71.000,61.000,36.000,2.000,95.000,15.000,0.262
Kosuke Fukudome,132.333,89.000,30.000,9.667,72.333,49.000,78.333,5.333,108.667,7.333,0.259
Kris Bryant,164.000,94.000,34.667,31.333,106.333,91.333,82.333,3.333,160.333,9.333,0.287
Kurt Suzuki,132.600,93.400,28.000,10.400,54.800,61.200,35.400,1.200,57.400,3.000,0.264
Kyle Seager,158.000,97.833,33.333,25.000,76.333,85.333,57.833,4.500,111.000,6.667,0.263
Lance Berkman,150.500,87.500,31.000,29.750,93.000,95.500,95.500,15.000,106.000,8.500,0.291
Lastings Milledge,140.000,100.000,24.000,14.000,65.000,61.000,38.000,1.000,96.000,24.000,0.268
Leonys Martin,131.000,98.667,17.000,10.000,68.667,45.333,37.000,1.000,122.333,30.333,0.260
Logan Forsythe,143.500,93.500,28.500,18.500,72.500,60.000,50.500,1.000,119.000,7.500,0.273
Logan Morrison,114.333,65.000,20.667,26.000,58.667,70.333,60.667,5.333,109.667,4.000,0.239
Lonnie Chisenhall,134.000,91.000,29.000,13.000,62.000,59.000,39.000,3.000,99.000,3.000,0.280
Lorenzo Cain,172.000,120.500,30.500,15.500,93.500,60.500,45.500,2.500,99.000,27.000,0.303
Lucas Duda,122.500,64.000,30.000,28.500,70.500,82.500,67.500,7.500,136.500,1.500,0.248
Luis Castillo,156.000,135.500,15.500,1.000,84.000,39.000,61.000,1.500,51.500,19.500,0.301
Luis Gonzalez,129.000,89.000,23.000,15.000,70.000,68.000,56.000,4.000,56.000,6.000,0.278
Luis Valbuena,119.000,66.000,33.000,16.000,68.000,51.000,65.000,4.000,113.000,1.000,0.249
Luke Scott,121.667,67.333,28.000,25.000,66.000,71.333,55.667,6.333,101.333,1.333,0.266
Lyle Overbay,138.500,84.500,34.500,17.500,74.500,68.000,70.500,5.000,123.500,1.000,0.257
Magglio Ordonez,179.333,122.000,36.667,19.333,81.000,97.333,60.000,4.000,73.333,2.667,0.330
Maikel Franco,140.000,88.500,26.000,24.500,66.500,82.000,40.500,5.000,100.500,0.500,0.242
Manny Machado,180.250,110.500,38.500,29.750,94.000,87.000,49.250,3.500,114.750,8.750,0.281
Manny Ramirez,163.000,99.000,34.500,28.500,93.000,104.500,79.000,18.500,108.000,1.500,0.314
Manuel Margot,128.000,90.000,18.000,13.000,53.000,39.000,35.000,0.000,106.000,17.000,0.263
Marcell Ozuna,163.667,105.333,26.333,27.667,80.000,95.000,49.333,2.333,141.000,1.333,0.282
Marco Scutaro,161.800,122.000,30.200,7.800,82.400,56.200,57.000,0.200,58.800,7.400,0.285
Marcus Semien,139.000,88.500,25.000,21.000,68.500,60.000,46.500,1.000,135.500,10.500,0.247
Mark DeRosa,140.000,92.667,27.000,18.000,81.667,79.000,58.000,1.000,106.667,3.333,0.276
Mark Ellis,127.667,87.000,25.667,12.667,64.667,52.667,39.667,1.000,78.000,12.333,0.252
Mark Loretta,132.000,103.000,23.000,4.000,52.000,41.000,44.000,0.000,41.000,1.000,0.287
Mark Reynolds,119.143,63.857,23.429,30.714,78.571,86.143,70.143,2.143,188.857,7.714,0.232
Mark Teahen,147.667,100.000,32.000,11.333,71.000,56.333,46.000,5.333,127.000,8.333,0.270
Mark Teixeira,144.857,81.000,31.429,31.429,88.000,101.857,75.857,6.857,106.143,1.571,0.268
Mark Trumbo,141.500,83.333,25.333,31.167,75.167,86.500,40.667,2.833,151.333,3.500,0.251
Marlon Byrd,152.200,94.200,34.000,20.800,70.800,80.200,31.600,2.800,134.000,4.000,0.276
Martin Prado,162.625,115.000,33.375,11.500,70.625,65.000,40.875,2.000,67.000,4.500,0.292
Marwin Gonzalez,130.500,81.000,30.000,18.000,61.000,70.500,35.500,2.500,108.500,10.000,0.278
Matt Adams,152.000,98.000,34.000,15.000,55.000,68.000,26.000,5.000,114.000,3.000,0.288
Matt Carpenter,153.000,91.000,39.800,18.200,99.600,71.600,87.600,3.600,118.600,2.800,0.275
Matt Dominguez,126.000,86.500,21.000,18.500,53.500,67.000,29.500,1.500,110.500,0.000,0.228
Matt Duffy,169.000,123.000,28.000,12.000,77.000,77.000,30.000,0.000,96.000,12.000,0.295
Matt Holliday,172.250,105.875,39.000,25.500,97.500,99.750,69.500,5.875,104.375,9.750,0.306
Matt Joyce,121.000,65.500,32.500,22.000,73.500,71.500,57.500,4.500,109.500,8.500,0.260
Matt Kemp,168.714,104.286,32.714,27.714,90.429,98.429,50.286,7.000,152.714,21.286,0.283
Matt Wieters,128.333,77.667,28.000,22.333,66.000,76.667,50.333,4.000,100.000,2.000,0.249
Max Kepler,124.000,71.000,32.000,19.000,67.000,69.000,47.000,2.000,114.000,6.000,0.243
Melky Cabrera,161.875,112.250,33.250,12.750,72.875,73.875,41.125,3.250,72.875,7.750,0.283
Melvin Mora,137.000,91.000,26.000,18.500,72.000,81.000,42.000,3.000,76.500,6.000,0.279
Melvin Upton Jr.,131.375,82.125,27.875,18.125,78.875,65.125,62.000,2.375,157.750,33.000,0.248
Michael Bourn,154.000,117.667,23.833,4.500,83.833,43.167,53.667,1.667,131.167,46.667,0.268
Michael Brantley,170.250,117.000,38.250,12.750,72.750,78.500,51.250,6.250,57.500,16.750,0.302
Michael Cuddyer,158.000,101.400,31.800,20.400,83.400,82.000,54.000,3.800,102.600,7.800,0.288
Michael Morse,158.000,91.000,36.000,31.000,73.000,95.000,36.000,5.000,126.000,2.000,0.303
Michael Saunders,124.500,68.500,31.500,21.500,70.500,57.000,51.000,1.000,144.500,11.000,0.250
Michael Taylor,108.000,77.000,15.000,14.000,49.000,63.000,35.000,9.000,158.000,16.000,0.229
Michael Young,181.571,131.286,34.143,13.000,82.286,79.143,46.000,3.571,93.143,6.286,0.300
Miguel Cabrera,180.182,110.455,36.364,32.545,92.091,109.909,74.727,16.273,105.545,2.091,0.318
Miguel Montero,132.333,88.000,28.000,15.333,56.667,82.000,58.667,9.000,108.000,0.333,0.270
Miguel Olivo,107.000,68.000,19.000,19.000,54.000,62.000,20.000,2.000,140.000,6.000,0.224
Miguel Tejada,175.250,126.750,32.250,15.000,79.500,76.000,28.500,4.500,60.500,4.000,0.290
Mike Aviles,128.000,87.000,28.000,13.000,57.000,60.000,23.000,0.000,77.000,14.000,0.250
Mike Cameron,127.333,70.333,30.000,23.333,78.333,72.667,65.333,1.667,152.667,14.000,0.245
Mike Jacobs,118.000,57.000,27.000,32.000,67.000,93.000,36.000,10.000,119.000,1.000,0.247
Mike Lowell,191.000,131.000,37.000,21.000,79.000,120.000,53.000,4.000,71.000,3.000,0.324
Mike Moustakas,138.250,85.250,29.500,23.000,64.750,70.500,37.000,3.250,94.250,2.000,0.258
Mike Napoli,123.333,66.333,28.000,27.667,77.000,87.000,64.333,2.333,172.667,3.333,0.245
Mike Trout,168.833,97.167,32.333,32.667,112.000,92.167,93.667,10.167,140.667,26.833,0.309
Milton Bradley,133.000,78.000,32.000,22.000,78.000,77.000,80.000,13.000,112.000,5.000,0.321
Mitch Moreland,118.000,70.800,25.600,21.200,58.600,67.000,41.600,4.000,111.800,0.800,0.250
Mookie Betts,184.667,112.000,43.333,24.333,105.000,97.333,57.333,3.667,80.333,24.333,0.291
Nate McLouth,144.000,86.667,34.667,19.333,91.667,66.667,62.000,4.333,92.667,24.000,0.263
Nate Schierholtz,116.000,60.000,32.000,21.000,56.000,68.000,29.000,3.000,94.000,6.000,0.251
Neil Walker,140.000,92.200,28.800,16.200,68.600,70.400,48.000,3.400,99.800,4.600,0.269
Nelson Cruz,152.857,87.000,29.000,36.000,84.143,96.857,53.714,5.429,139.571,6.714,0.276
Nick Castellanos,148.333,91.000,33.333,17.333,55.000,80.000,38.667,1.333,144.667,2.000,0.262
Nick Johnson,133.000,99.000,24.000,8.000,71.000,62.000,99.000,4.000,84.000,2.000,0.291
Nick Markakis,178.400,125.700,37.800,13.600,83.400,76.000,67.700,6.200,94.500,6.000,0.287
Nick Punto,99.000,76.000,18.000,1.000,53.000,25.000,55.000,1.000,90.000,16.000,0.210
Nick Swisher,136.429,79.429,31.143,24.714,82.143,79.857,83.714,4.429,133.571,1.714,0.257
Nolan Arenado,169.000,93.750,37.500,32.500,90.500,111.250,46.750,8.250,97.750,2.250,0.289
Nomar Mazara,138.500,94.500,21.500,20.000,61.500,82.500,47.000,3.500,119.500,1.000,0.260
Nori Aoki,153.667,116.667,26.333,6.333,74.667,43.333,47.000,0.667,48.000,22.333,0.286
Nyjer Morgan,136.500,112.000,16.000,1.500,67.000,31.500,40.000,1.500,81.000,38.000,0.280
Odubel Herrera,154.000,106.667,31.000,12.333,72.667,48.667,40.667,3.667,129.667,16.333,0.288
Omar Infante,149.000,113.000,22.500,8.250,59.750,53.750,29.250,1.250,65.500,9.250,0.281
Omar Vizquel,126.000,101.000,18.000,4.000,54.000,51.000,44.000,6.000,48.000,14.000,0.246
Orlando Arcia,140.000,106.000,17.000,15.000,56.000,53.000,36.000,9.000,100.000,14.000,0.277
Orlando Cabrera,173.500,130.750,34.250,7.250,85.250,65.500,41.000,0.500,64.750,15.750,0.282
Orlando Hudson,147.000,103.000,29.000,8.333,74.333,54.000,60.667,1.667,91.000,9.333,0.282
Pablo Sandoval,153.000,103.400,31.200,15.600,60.600,70.400,42.000,7.400,80.200,1.600,0.280
Pat Burrell,127.500,65.000,29.500,31.500,75.500,91.500,108.000,4.500,128.000,0.000,0.253
Paul Goldschmidt,169.800,100.800,36.800,29.800,102.200,106.400,96.200,16.400,144.600,20.800,0.301
Paul Konerko,143.571,91.000,25.143,27.000,67.143,83.571,64.429,6.714,89.571,0.571,0.276
Pedro Alvarez,129.000,71.000,23.500,33.000,67.000,92.500,52.500,6.500,183.000,1.500,0.238
Pedro Feliz,147.500,100.500,29.000,16.000,61.500,77.000,32.000,2.500,69.000,1.000,0.260
Peter Bourjos,136.000,87.000,26.000,12.000,72.000,43.000,32.000,0.000,124.000,22.000,0.271
Placido Polanco,169.800,131.400,28.400,7.600,79.800,59.800,36.400,1.600,42.000,5.800,0.302
Prince Fielder,171.000,102.875,32.250,34.750,91.250,109.625,91.125,18.375,115.750,1.375,0.290
Rafael Furcal,149.333,115.667,23.000,6.667,82.667,47.667,53.333,2.000,71.333,16.333,0.268
Rajai Davis,149.000,113.000,28.000,5.000,66.000,52.000,26.000,0.000,78.000,50.000,0.284
Ramon Hernandez,119.000,81.000,22.000,15.000,49.000,65.000,32.000,3.000,62.000,0.000,0.257
Randy Winn,167.333,118.333,37.667,8.667,74.000,60.000,50.000,3.667,88.667,18.667,0.289
Raul Ibanez,154.800,93.000,35.600,22.800,79.600,95.000,54.800,7.400,108.000,2.400,0.275
Ray Durham,101.000,67.000,21.000,11.000,56.000,71.000,53.000,6.000,75.000,10.000,0.218
Reggie Willits,126.000,105.000,20.000,0.000,74.000,34.000,69.000,2.000,83.000,27.000,0.293
Rickie Weeks Jr.,127.800,77.200,26.000,20.000,90.000,55.400,68.800,2.000,138.200,16.000,0.247
Robert Andino,120.000,93.000,22.000,5.000,63.000,36.000,41.000,0.000,83.000,13.000,0.263
Robinson Cano,186.909,119.909,39.727,24.727,91.273,94.818,46.909,9.273,84.273,4.091,0.302
Ronnie Belliard,148.000,101.000,35.000,11.000,57.000,58.000,34.000,1.000,72.000,3.000,0.290
Rougned Odor,144.000,82.000,27.000,31.500,84.000,81.500,25.500,2.500,148.500,14.500,0.237
Russell Branyan,108.000,55.000,21.000,31.000,64.000,76.000,58.000,6.000,149.000,2.000,0.251
Russell Martin,124.833,85.167,22.667,16.167,71.000,69.167,66.833,3.667,102.333,10.833,0.253
Ryan Braun,173.000,103.750,34.625,30.250,94.750,100.250,52.125,5.000,112.750,20.250,0.302
Ryan Church,128.000,69.000,43.000,15.000,57.000,70.000,49.000,4.000,107.000,3.000,0.272
Ryan Doumit,126.500,78.500,31.000,16.000,52.500,65.000,38.500,4.500,98.500,0.500,0.261
Ryan Garko,137.500,94.000,25.000,17.500,61.500,75.500,39.500,1.000,90.000,0.000,0.281
Ryan Howard,142.000,77.000,27.000,35.714,84.286,117.000,70.143,13.714,177.286,1.714,0.254
Ryan Ludwick,132.250,81.000,27.500,22.250,71.500,88.500,50.500,2.500,124.250,2.250,0.263
Ryan Roberts,120.000,74.000,25.000,19.000,86.000,65.000,66.000,2.000,98.000,18.000,0.249
Ryan Sweeney,142.000,102.000,31.000,6.000,68.000,53.000,40.000,1.000,67.000,6.000,0.293
Ryan Theriot,162.500,135.000,21.000,3.250,79.500,41.500,53.500,1.500,68.750,22.750,0.282
Ryan Zimmerman,165.167,100.667,34.500,28.167,93.500,94.000,60.500,4.833,119.500,3.667,0.288
Ryon Healy,156.000,102.000,29.000,25.000,66.000,78.000,23.000,0.000,142.000,0.000,0.271
Salvador Perez,140.000,93.500,26.500,18.250,53.500,70.750,19.500,2.750,87.250,0.500,0.265
Scooter Gennett,131.000,86.000,30.000,14.000,58.000,56.000,38.000,1.000,114.000,8.000,0.263
Scott Podsednik,161.500,129.000,19.500,6.500,69.000,49.500,39.500,1.000,78.500,32.500,0.300
Scott Rolen,139.500,87.000,35.000,15.500,71.000,75.000,47.500,2.000,72.000,3.000,0.295
Scott Schebler,110.000,53.000,25.000,30.000,63.000,67.000,39.000,5.000,125.000,5.000,0.233
Seth Smith,126.500,74.500,31.500,13.500,61.000,53.500,57.500,5.000,90.000,5.500,0.275
Shane Victorino,152.143,101.286,28.571,13.857,87.857,58.857,46.857,1.571,71.286,30.143,0.279
Shannon Stewart,167.000,132.000,22.000,12.000,79.000,48.000,47.000,0.000,60.000,11.000,0.290
Shin-Soo Choo,153.714,100.857,31.000,19.429,87.286,71.000,79.571,3.714,137.714,14.714,0.278
Skip Schumaker,150.000,117.333,24.667,5.667,79.333,41.000,47.333,2.000,64.333,5.000,0.290
Starlin Castro,163.857,116.714,30.714,11.857,64.857,61.857,30.000,3.571,100.714,11.286,0.280
Starling Marte,151.250,102.500,29.750,13.250,77.750,54.500,27.000,2.500,124.000,37.000,0.292
Stephen Drew,150.750,92.500,33.500,15.000,76.250,63.250,53.000,5.000,101.000,6.750,0.267
Stephen Piscotty,159.000,99.000,35.000,22.000,86.000,85.000,51.000,0.000,133.000,7.000,0.273
Stephen Vogt,119.500,75.500,25.500,16.000,56.000,63.500,45.500,4.500,90.000,0.000,0.256
Steven Souza Jr.,125.000,72.000,21.000,30.000,78.000,78.000,84.000,2.000,179.000,16.000,0.239
Tadahito Iguchi,124.000,84.000,27.000,9.000,67.000,43.000,57.000,1.000,88.000,14.000,0.267
Tim Anderson,151.000,104.000,26.000,17.000,72.000,56.000,13.000,0.000,162.000,15.000,0.257
Tim Beckham,148.000,103.000,18.000,22.000,67.000,62.000,36.000,0.000,167.000,6.000,0.278
Todd Frazier,135.800,77.800,26.800,30.000,79.200,83.200,58.600,1.800,137.800,11.600,0.240
Todd Helton,177.500,119.000,40.000,16.000,82.500,88.500,102.500,10.500,73.500,0.000,0.323
Tommy Joseph,119.000,69.000,27.000,22.000,51.000,69.000,33.000,1.000,129.000,1.000,0.240
Tommy Pham,136.000,89.000,22.000,23.000,95.000,73.000,71.000,0.000,117.000,25.000,0.306
Tony Pena,136.000,102.000,25.000,2.000,58.000,47.000,10.000,0.000,78.000,5.000,0.267
Torii Hunter,156.222,102.111,31.556,21.000,79.778,87.444,42.444,3.333,108.000,9.667,0.283
Travis Hafner,145.000,94.000,25.000,24.000,80.000,100.000,102.000,17.000,115.000,1.000,0.266
Travis Shaw,131.500,72.500,34.000,23.500,73.500,86.000,51.500,5.000,135.500,7.500,0.258
Trevor Plouffe,131.667,80.333,32.333,16.667,62.333,72.667,45.667,1.000,115.000,2.000,0.252
Trevor Story,120.000,61.000,32.000,24.000,68.000,82.000,49.000,4.000,191.000,7.000,0.239
Trey Mancini,159.000,105.000,26.000,24.000,65.000,78.000,33.000,1.000,139.000,1.000,0.293
Troy Glaus,147.000,86.000,33.000,27.000,69.000,99.000,87.000,3.000,104.000,0.000,0.270
Troy Tulowitzki,149.714,92.714,28.714,25.571,82.571,88.857,53.571,4.857,99.857,7.143,0.293
Ty Wigginton,148.000,94.500,31.000,22.000,67.000,71.500,45.500,1.500,114.500,1.500,0.263
Vernon Wells,144.500,86.250,33.000,21.750,77.000,75.000,41.750,2.750,86.250,10.500,0.249
Victor Martinez,172.000,116.143,33.714,21.857,75.143,96.571,56.714,10.286,63.857,0.857,0.309
Vladimir Guerrero,172.750,114.000,33.250,24.000,79.250,98.500,43.500,13.000,63.750,3.250,0.304
Whit Merrifield,169.000,112.000,32.000,19.000,80.000,78.000,29.000,0.000,88.000,34.000,0.288
Wil Myers,146.500,85.000,29.000,29.000,89.500,84.000,69.000,2.000,170.000,24.000,0.251
Will Venable,129.000,77.000,22.000,22.000,64.000,53.000,29.000,4.000,118.000,22.000,0.268
Willy Taveras,120.000,102.000,15.000,1.000,64.000,26.000,36.000,0.000,79.000,68.000,0.251
Wilmer Flores,127.000,89.000,22.000,16.000,55.000,59.000,19.000,2.000,63.000,0.000,0.263
Wilson Ramos,128.500,89.500,20.500,18.500,49.500,74.000,28.000,2.000,90.000,0.000,0.268
Xander Bogaerts,168.250,120.750,32.250,12.500,88.250,69.500,46.250,2.000,119.500,10.000,0.282
Xavier Nady,169.000,106.000,37.000,25.000,76.000,97.000,39.000,2.000,103.000,2.000,0.305
Yadier Molina,145.125,103.875,29.250,11.250,52.125,67.250,37.375,3.500,55.000,6.375,0.293
Yan Gomes,135.000,86.000,25.000,21.000,61.000,74.000,24.000,3.000,120.000,0.000,0.278
Yangervis Solarte,127.667,87.667,24.333,14.000,56.000,58.333,41.333,1.667,58.333,1.333,0.262
Yasiel Puig,148.000,90.000,30.500,22.000,82.000,71.500,65.500,5.500,112.000,13.000,0.280
Yasmany Tomas,144.000,82.000,30.000,31.000,72.000,83.000,31.000,4.000,136.000,2.000,0.272
Yoenis Cespedes,148.600,87.000,29.800,27.400,81.200,90.600,39.800,5.200,123.200,8.000,0.273
Yolmer Sanchez,129.000,90.000,19.000,12.000,63.000,59.000,35.000,2.000,111.000,8.000,0.267
Yonder Alonso,130.667,84.333,31.667,14.667,57.000,61.667,58.333,5.333,97.667,2.667,0.264
Yulieski Gurriel,158.000,96.000,43.000,18.000,69.000,75.000,22.000,1.000,62.000,3.000,0.299
Yunel Escobar,144.556,111.000,23.667,8.667,65.778,51.111,50.333,1.667,65.667,3.111,0.280
Yuniesky Betancourt,142.000,98.600,30.000,10.200,57.800,62.600,18.400,1.400,52.200,3.600,0.265
Zack Cozart,128.200,83.200,26.600,14.200,68.200,49.800,36.200,1.600,91.200,3.600,0.254
