,Name,H_AAA,1B_AAA,2B_AAA,HR_AAA,R_AAA,RBI_AAA,BB_AAA,IBB_AAA,SO_AAA,SB_AAA,AVG_AAA,H_y,1B_y,2B_y,HR_y,R_y,RBI_y,BB_y,IBB_y,SO_y,SB_y,AVG_y
0,A.J. Pollock,136.0,105.0,25.0,3.0,65.0,52.0,32.0,0.0,52.0,21.0,0.318,192.0,127.0,39.0,20.0,111.0,76.0,53.0,0.0,89.0,39.0,0.315
1,Aaron Judge,95.0,57.0,18.0,19.0,62.0,65.0,47.0,0.0,98.0,5.0,0.27,154.0,75.0,24.0,52.0,128.0,114.0,127.0,11.0,208.0,9.0,0.284
2,Adam Duvall,119.0,63.0,25.0,28.5,69.0,88.5,30.5,1.0,98.0,3.5,0.281,139.5,69.0,34.0,32.0,81.5,101.0,40.0,1.0,167.0,5.5,0.245
3,Adam Eaton,186.0,128.0,46.0,7.0,119.0,45.0,53.0,3.0,68.0,38.0,0.381,165.667,119.0,27.666999999999998,9.667,88.333,50.0,54.667,1.3330000000000002,109.667,15.667,0.29
4,Adam Jones,120.5,72.0,23.0,20.5,72.0,73.0,32.0,1.0,92.0,10.5,0.3,161.8,107.3,27.0,24.8,82.1,80.3,27.9,1.7,115.8,8.3,0.278
5,Adeiny Hechavarria,138.0,106.0,20.0,6.0,78.0,63.0,38.0,0.0,86.0,8.0,0.312,130.333,103.0,17.0,2.333,45.0,38.0,29.666999999999998,4.333,85.0,6.332999999999999,0.24600000000000002
6,Alberto Callaspo,165.0,122.0,24.0,7.0,93.0,68.0,56.0,3.0,27.0,8.0,0.337,138.2,100.6,26.2,9.4,60.2,57.2,50.0,3.6,49.4,3.8,0.273
7,Alcides Escobar,128.0,94.0,24.0,4.0,76.0,34.0,32.0,2.0,65.0,42.0,0.298,151.875,116.25,24.875,4.5,66.125,49.625,24.75,2.0,85.375,20.25,0.259
8,Alejandro De Aza,124.0,81.0,29.0,9.0,64.0,37.0,33.0,2.0,72.0,22.0,0.322,142.333,98.333,26.666999999999998,11.333,73.667,51.0,45.333,2.0,125.0,21.0,0.266
9,Allen Craig,123.0,87.5,20.0,15.0,53.5,56.5,43.0,0.5,82.5,1.5,0.298,134.333,91.0,28.0,14.333,62.667,78.333,37.333,1.0,100.667,2.0,0.27899999999999997
10,Andres Torres,103.5,65.5,22.0,6.5,68.5,40.5,52.0,1.5,95.0,24.0,0.271,136.0,69.0,43.0,16.0,84.0,63.0,56.0,2.0,128.0,26.0,0.268
11,Andrew McCutchen,145.0,107.0,26.0,9.0,75.0,50.0,68.0,1.0,87.0,34.0,0.28300000000000003,167.375,105.875,33.25,23.875,92.5,83.875,78.875,7.625,119.375,18.625,0.29100000000000004
12,Andy LaRoche,99.0,65.0,21.0,12.0,45.0,51.0,37.0,1.0,55.0,4.0,0.271,135.0,89.0,29.0,12.0,64.0,64.0,50.0,1.0,84.0,3.0,0.258
13,Anthony Gose,107.0,76.0,19.0,4.0,75.5,35.0,43.5,0.5,111.0,28.0,0.263,123.0,86.0,24.0,5.0,73.0,26.0,45.0,0.0,145.0,23.0,0.254
14,Anthony Rizzo,118.0,57.0,34.0,26.0,64.0,101.0,43.0,5.0,89.0,7.0,0.331,156.0,87.2,36.2,30.0,89.4,95.4,78.4,8.4,109.2,8.2,0.272
15,Asdrubal Cabrera,98.0,69.0,23.0,4.0,53.0,36.0,32.0,1.0,90.0,12.0,0.249,143.25,91.75,33.125,15.875,71.875,66.5,43.5,2.5,102.75,9.5,0.27
16,Austin Jackson,151.0,115.0,23.0,4.0,67.0,65.0,40.0,1.0,123.0,24.0,0.3,154.167,108.833,28.333000000000002,9.167,87.0,49.333,49.667,1.167,147.333,17.667,0.273
17,Ben Gamel,149.5,105.0,27.0,8.0,78.5,57.5,44.5,4.0,101.0,16.0,0.304,140.0,97.0,27.0,11.0,68.0,59.0,36.0,1.0,122.0,4.0,0.275
18,Billy Burns,101.0,90.0,7.0,0.0,50.0,22.0,44.0,1.0,60.0,24.0,0.285,153.0,121.0,18.0,5.0,70.0,42.0,26.0,1.0,81.0,26.0,0.294
19,Billy Hamilton,129.0,101.0,18.0,6.0,75.0,41.0,38.0,0.0,102.0,75.0,0.256,142.5,107.0,21.0,5.0,78.5,43.0,39.0,0.0,125.0,57.5,0.248
20,Brandon Moss,130.667,74.0,34.667,20.333,68.333,84.667,55.0,2.333,131.0,6.332999999999999,0.27399999999999997,112.333,62.0,23.333000000000002,24.666999999999998,63.333,75.333,55.333,4.667,147.0,1.6669999999999998,0.239
21,Brendan Harris,113.0,73.667,27.333000000000002,9.667,60.667,57.667,43.0,1.0,72.0,3.0,0.281,149.0,99.0,35.0,12.0,72.0,59.0,42.0,1.0,96.0,4.0,0.28600000000000003
22,Brennan Boesch,124.0,67.0,25.0,25.0,68.0,85.0,29.0,2.0,86.0,10.0,0.332,116.0,76.5,24.0,13.0,50.5,60.5,33.0,3.0,101.5,6.5,0.248
23,Brett Gardner,101.0,75.0,12.0,3.0,68.0,32.0,70.0,2.0,76.0,37.0,0.29600000000000004,143.0,100.429,24.429000000000002,11.571,88.85700000000001,51.857,65.286,0.857,116.85700000000001,28.570999999999998,0.264
24,Carlos Pena,116.0,73.0,20.0,23.0,72.0,74.0,68.0,4.0,94.0,4.0,0.278,111.667,54.833,23.333000000000002,31.833000000000002,79.0,91.333,93.5,6.832999999999999,162.0,2.333,0.22899999999999998
25,Carlos Quentin,92.0,50.0,30.0,9.0,66.0,52.0,45.0,1.0,46.0,5.0,0.289,124.0,66.0,25.5,31.0,84.5,93.5,58.0,1.5,81.5,4.5,0.266
26,Casey McGehee,141.667,100.0,31.666999999999998,9.667,60.0,70.0,39.667,1.0,77.333,2.0,0.298,157.667,112.667,30.333000000000002,13.333,57.333,82.333,54.0,4.0,102.667,1.6669999999999998,0.265
27,Cesar Hernandez,121.0,98.0,12.0,2.0,59.0,34.0,41.0,0.0,81.0,32.0,0.309,155.5,119.5,20.0,7.5,76.0,36.5,63.5,2.5,110.0,16.0,0.294
28,Cheslor Cuthbert,110.0,76.0,22.0,11.0,55.0,51.0,37.0,1.0,60.0,5.0,0.27699999999999997,130.0,89.0,28.0,12.0,49.0,46.0,32.0,0.0,96.0,2.0,0.27399999999999997
29,Chris Carter,142.8,89.2,29.8,21.8,74.8,84.2,57.6,4.6,85.8,2.6,0.294,116.667,55.667,24.0,35.667,72.0,88.0,67.333,2.667,200.0,3.333,0.22399999999999998
30,Chris Davis,130.0,83.0,31.0,14.0,67.0,80.0,37.0,4.0,105.0,3.0,0.327,127.833,66.167,24.166999999999998,37.167,84.5,92.833,67.0,6.667000000000001,193.833,2.0,0.242
31,Chris Denorfia,117.0,85.0,18.0,9.0,62.0,49.0,31.0,0.0,52.0,15.0,0.271,132.0,99.0,21.0,10.0,67.0,47.0,42.0,2.0,84.0,11.0,0.27899999999999997
32,Chris Johnson,108.0,70.0,20.0,13.0,48.0,42.0,21.0,1.0,90.0,2.0,0.281,151.667,108.0,29.666999999999998,12.333,48.333,67.333,27.666999999999998,3.0,135.667,3.667,0.28800000000000003
33,Chris Owings,180.0,129.0,31.0,12.0,104.0,81.0,22.0,2.0,99.0,20.0,0.33,117.0,81.0,27.0,4.0,59.0,43.0,26.0,3.0,144.0,16.0,0.22699999999999998
34,Chris Taylor,103.0,73.0,20.0,4.0,56.0,32.0,50.0,0.0,61.0,16.0,0.3,148.0,88.0,34.0,21.0,85.0,72.0,50.0,0.0,142.0,17.0,0.28800000000000003
35,Chris Young,111.0,54.0,32.0,21.0,78.0,77.0,52.0,2.0,71.0,17.0,0.276,143.5,79.5,35.5,25.25,88.25,78.75,64.75,1.75,147.5,22.75,0.244
36,Cliff Pennington,95.0,67.0,22.0,3.0,48.0,40.0,45.0,1.0,54.0,27.0,0.264,131.5,93.5,26.0,7.0,60.5,52.0,46.0,0.5,100.0,21.5,0.257
37,Clint Barmes,128.0,91.0,20.0,11.0,68.0,44.0,22.0,0.0,52.0,8.0,0.299,135.0,77.0,32.0,23.0,69.0,76.0,31.0,2.0,121.0,12.0,0.245
38,Colby Rasmus,83.0,57.0,15.0,11.0,56.0,36.0,49.0,3.0,72.0,15.0,0.251,119.75,73.0,23.75,19.0,76.75,61.5,49.0,4.75,127.0,6.0,0.244
39,Conor Gillaspie,121.5,84.5,20.0,12.5,61.5,55.0,53.5,1.5,66.5,4.5,0.289,131.0,88.0,31.0,7.0,50.0,57.0,36.0,4.0,78.0,0.0,0.282
40,Corey Patterson,102.0,63.0,24.0,11.0,50.0,50.5,18.0,2.5,84.0,19.5,0.271,124.0,88.0,26.0,8.0,65.0,45.0,21.0,1.0,65.0,37.0,0.26899999999999996
41,Corey Seager,117.0,72.0,30.0,13.0,64.0,61.0,32.0,2.0,65.0,3.0,0.278,176.0,113.0,36.5,24.0,95.0,74.5,60.5,5.0,132.0,3.5,0.301
42,Daniel Nava,118.0,79.0,27.0,10.0,69.0,48.0,70.0,4.0,88.0,10.0,0.268,139.0,98.0,29.0,12.0,77.0,66.0,51.0,2.0,93.0,0.0,0.303
43,Daric Barton,133.5,89.0,33.5,8.0,80.5,69.5,82.5,0.0,63.0,2.0,0.295,126.5,87.0,25.0,9.5,69.0,52.0,87.5,3.5,100.5,4.5,0.249
44,Darwin Barney,143.0,113.0,24.0,2.0,72.0,49.0,23.0,1.0,52.0,11.0,0.299,129.667,96.0,24.666999999999998,5.332999999999999,62.667,42.667,30.333000000000002,2.667,63.0,6.332999999999999,0.24600000000000002
45,David Freese,142.0,84.0,29.0,26.0,83.0,91.0,39.0,0.0,111.0,5.0,0.306,125.0,89.0,23.0,12.25,55.0,61.5,50.0,2.0,117.0,1.25,0.27
46,David Murphy,114.0,80.0,20.0,9.0,50.0,47.0,41.0,2.0,71.0,8.0,0.28,139.0,92.0,29.0,15.0,65.0,61.0,54.0,7.0,74.0,10.0,0.304
47,Dayan Viciedo,134.0,86.0,28.0,20.0,60.0,78.0,45.0,6.0,83.0,2.0,0.29600000000000004,125.0,80.0,20.0,23.0,64.5,68.0,30.0,1.5,121.0,0.0,0.243
48,Dee Gordon,111.0,85.0,17.0,0.0,65.0,33.0,51.0,1.0,70.0,49.0,0.297,194.0,159.0,22.666999999999998,2.667,98.0,37.667,27.0,0.667,97.0,60.667,0.31
49,Denard Span,130.0,100.0,20.0,3.0,59.0,55.0,40.0,1.0,90.0,25.0,0.267,161.857,119.14299999999999,28.429000000000002,6.7139999999999995,80.714,49.571000000000005,51.714,0.857,73.571,20.143,0.282
50,Desmond Jennings,102.0,68.0,22.0,7.5,75.0,37.5,46.0,2.0,72.5,27.0,0.27699999999999997,124.667,80.667,26.666999999999998,12.333,77.0,45.667,52.333,0.33299999999999996,114.333,22.0,0.247
51,Domingo Santana,124.5,79.5,25.0,17.0,69.0,79.0,59.0,1.0,128.5,4.0,0.315,146.0,87.0,29.0,30.0,88.0,85.0,73.0,2.0,178.0,15.0,0.278
52,Domonic Brown,111.0,80.0,24.0,7.0,37.0,41.0,38.0,1.0,99.0,5.0,0.239,123.0,80.5,21.5,18.5,56.0,73.0,36.5,4.5,94.0,7.5,0.254
53,Drew Stubbs,110.0,80.0,25.0,3.0,57.0,39.0,51.0,0.0,104.0,46.0,0.268,127.667,89.0,18.0,17.0,86.0,53.667,53.333,1.0,179.667,33.333,0.237
54,Dustin Ackley,115.0,79.0,27.0,6.0,66.0,59.0,54.0,2.0,71.0,3.0,0.261,130.0,89.5,24.5,13.0,74.0,57.5,45.5,4.0,107.0,10.5,0.235
55,Dustin Pedroia,129.0,91.0,30.0,5.0,55.0,50.0,48.0,0.0,27.0,1.0,0.305,183.5,127.5,41.0,13.375,96.25,71.5,61.25,2.375,63.375,15.375,0.304
56,Eduardo Nunez,134.0,102.0,25.0,4.0,55.0,50.0,32.0,1.0,60.0,23.0,0.289,159.0,115.0,24.0,16.0,73.0,67.0,29.0,3.0,88.0,40.0,0.28800000000000003
57,Emilio Bonifacio,125.0,101.5,17.0,1.5,57.5,36.0,35.0,1.0,69.0,29.0,0.306,141.5,113.5,18.5,3.0,75.0,31.5,46.5,0.5,112.0,30.5,0.27399999999999997
58,Eric Thames,98.0,66.0,20.0,10.0,49.0,46.0,40.0,1.0,95.0,6.0,0.278,116.0,55.0,26.0,31.0,83.0,63.0,75.0,5.0,163.0,4.0,0.247
59,Francisco Cervelli,87.0,68.0,15.0,2.0,43.0,39.0,39.0,1.0,82.0,6.0,0.24600000000000002,133.0,104.0,17.0,7.0,56.0,43.0,46.0,1.0,94.0,1.0,0.295
60,Franklin Gutierrez,97.0,61.0,27.0,9.0,63.0,38.0,49.0,4.0,84.0,13.0,0.278,149.5,108.0,24.5,15.0,73.0,67.0,48.0,4.0,129.5,20.5,0.264
61,Fred Lewis,122.0,77.5,23.0,12.5,82.5,50.5,62.5,2.0,109.0,21.5,0.285,132.0,87.0,25.0,9.0,81.0,40.0,51.0,3.0,124.0,21.0,0.282
62,Freddie Freeman,147.0,92.0,35.0,18.0,73.0,87.0,43.0,3.0,84.0,6.0,0.319,160.833,98.167,35.5,24.5,87.667,86.5,71.167,8.833,133.833,4.0,0.293
63,Garrett Jones,128.0,73.667,32.333,19.0,70.333,84.667,43.667,4.0,100.667,4.667,0.266,132.667,78.0,31.666999999999998,21.0,63.667,75.0,44.0,2.667,114.0,3.0,0.256
64,Geovany Soto,114.5,71.0,26.0,16.0,54.5,73.5,47.0,1.0,84.0,0.0,0.312,141.0,81.0,35.0,23.0,66.0,86.0,62.0,6.0,121.0,0.0,0.285
65,Gregor Blanco,103.5,84.5,13.5,2.5,67.5,32.5,56.5,0.0,77.5,16.5,0.255,114.0,91.5,15.5,2.0,51.0,39.5,63.0,3.0,97.0,13.5,0.258
66,Jack Cust,111.5,67.0,19.0,25.0,83.5,74.5,120.0,2.0,136.0,2.5,0.268,111.667,65.667,17.667,28.0,75.333,76.333,103.0,3.333,182.0,1.3330000000000002,0.242
67,Jack Hannahan,98.333,66.0,21.333000000000002,10.333,54.0,56.667,62.667,2.0,96.0,5.667000000000001,0.271,95.0,59.0,27.0,9.0,48.0,47.0,55.0,4.0,131.0,2.0,0.218
68,Jacoby Ellsbury,108.0,87.0,14.0,2.0,66.0,28.0,32.0,2.0,47.0,33.0,0.298,171.333,121.333,29.5,13.833,90.833,65.167,48.667,2.5,86.833,45.0,0.289
69,James Loney,139.0,96.0,33.0,8.0,64.0,67.0,32.0,7.0,34.0,9.0,0.38,163.667,118.333,31.833000000000002,11.667,62.5,79.5,49.0,6.667000000000001,78.667,5.832999999999999,0.28600000000000003
70,Jason Kipnis,96.0,59.0,16.0,12.0,65.0,55.0,44.0,1.0,72.0,12.0,0.28,154.2,103.0,33.4,13.8,82.0,67.0,62.0,2.6,121.0,22.0,0.272
71,Javier Baez,101.0,52.0,24.0,23.0,64.0,80.0,34.0,3.0,130.0,16.0,0.26,128.0,79.0,24.0,23.0,75.0,75.0,30.0,15.0,144.0,10.0,0.273
72,Jedd Gyorko,121.0,73.0,24.0,24.0,62.0,83.0,34.0,0.0,68.0,4.0,0.32799999999999996,121.0,72.0,26.0,23.0,62.0,63.0,33.0,1.0,123.0,1.0,0.249
73,Jeff Francoeur,132.0,92.0,22.0,15.0,55.0,69.0,21.0,1.0,95.0,11.0,0.289,152.167,101.167,32.667,15.667,68.833,75.5,34.167,5.832999999999999,109.167,7.5,0.263
74,Jeff Keppinger,142.0,118.0,19.0,4.0,57.0,43.0,40.0,0.0,30.0,0.0,0.316,148.0,107.0,34.0,6.0,62.0,59.0,51.0,1.0,36.0,4.0,0.28800000000000003
75,Jemile Weeks,141.0,108.0,19.0,4.0,96.0,40.0,80.0,1.0,99.0,17.0,0.271,98.0,73.0,15.0,2.0,54.0,20.0,50.0,0.0,70.0,16.0,0.221
76,Jeremy Hermida,110.0,68.333,23.666999999999998,16.667,60.333,62.667,65.333,2.333,112.0,1.3330000000000002,0.27399999999999997,125.0,83.0,22.0,17.0,74.0,61.0,48.0,5.0,138.0,6.0,0.249
77,Jesus Montero,130.2,87.2,23.8,16.8,57.8,72.2,34.2,2.6,83.4,1.0,0.307,134.0,99.0,20.0,15.0,46.0,62.0,29.0,4.0,99.0,0.0,0.26
78,Joc Pederson,135.0,81.0,17.0,33.0,106.0,78.0,100.0,3.0,149.0,30.0,0.303,101.0,55.0,19.0,26.0,67.0,54.0,92.0,6.0,170.0,4.0,0.21
79,Joey Gallo,86.0,38.0,17.0,25.0,71.0,66.0,68.0,4.0,150.0,2.0,0.24,94.0,32.0,18.0,41.0,85.0,80.0,75.0,1.0,196.0,7.0,0.209
80,Joey Votto,146.0,101.0,21.0,22.0,74.0,92.0,70.0,5.0,110.0,17.0,0.294,172.125,106.25,34.625,29.125,95.125,91.75,106.25,13.875,117.25,8.125,0.315
81,Jon Jay,142.0,107.0,23.0,10.0,72.0,54.0,34.0,3.0,64.0,20.0,0.281,143.0,107.0,25.5,8.5,65.5,52.0,40.0,4.0,92.0,8.0,0.28600000000000003
82,Jordan Pacheco,101.0,74.0,21.0,3.0,57.0,50.0,30.0,0.0,48.0,2.0,0.278,147.0,107.0,32.0,5.0,51.0,54.0,22.0,2.0,61.0,7.0,0.309
83,Jose Iglesias,89.0,78.5,9.0,1.0,40.5,27.0,24.0,0.0,52.0,12.0,0.251,119.0,89.0,26.0,4.0,57.0,32.0,28.0,1.0,50.0,7.0,0.255
84,Jose Peraza,141.0,116.0,13.0,4.0,63.0,42.0,17.0,3.0,45.0,33.0,0.293,126.0,108.0,9.0,5.0,50.0,37.0,20.0,1.0,70.0,23.0,0.259
85,Josh Bell,109.667,71.0,20.666999999999998,15.333,60.333,65.0,45.667,4.667,90.0,3.333,0.28,140.0,82.0,26.0,26.0,75.0,90.0,66.0,4.0,117.0,2.0,0.255
86,Josh Donaldson,116.0,71.0,28.0,17.0,79.0,70.0,51.0,1.0,100.0,13.0,0.261,169.25,98.25,35.25,32.75,106.5,103.25,83.5,3.25,123.0,6.5,0.284
87,Josh Reddick,120.0,70.0,28.0,18.0,59.0,65.0,25.0,1.0,73.0,4.0,0.266,147.0,91.667,29.333000000000002,21.666999999999998,76.333,81.333,49.0,3.333,96.0,9.333,0.276
88,Justin Turner,120.5,84.0,29.0,7.0,61.5,43.0,33.5,0.0,44.0,8.0,0.308,150.0,91.5,33.0,24.0,75.5,80.5,53.5,3.0,81.5,5.5,0.298
89,Kevin Pillar,131.0,79.0,39.0,10.0,57.0,59.0,21.0,3.0,48.0,27.0,0.32299999999999995,153.0,105.333,34.333,11.667,69.0,50.333,28.333000000000002,0.33299999999999996,90.0,18.0,0.267
90,Kole Calhoun,122.0,71.0,30.0,14.0,79.0,73.0,44.0,0.0,88.0,12.0,0.298,148.75,97.75,28.0,20.0,84.0,71.75,55.25,1.25,130.0,4.0,0.261
91,Kolten Wong,125.0,86.0,21.0,10.0,68.0,45.0,41.0,3.0,60.0,20.0,0.303,146.0,103.0,28.0,11.0,71.0,61.0,36.0,2.0,95.0,15.0,0.262
92,Lastings Milledge,131.0,93.0,23.0,12.0,61.0,47.0,43.0,1.0,63.0,27.0,0.295,140.0,100.0,24.0,14.0,65.0,61.0,38.0,1.0,96.0,24.0,0.268
93,Leonys Martin,110.0,70.0,24.0,11.0,63.0,39.0,21.0,1.0,89.0,25.0,0.306,131.0,98.667,17.0,10.0,68.667,45.333,37.0,1.0,122.333,30.333000000000002,0.26
94,Lorenzo Cain,152.0,101.0,28.0,16.0,84.0,81.0,40.0,0.0,102.0,16.0,0.312,172.0,120.5,30.5,15.5,93.5,60.5,45.5,2.5,99.0,27.0,0.303
95,Luis Valbuena,127.0,88.0,22.0,17.0,64.0,75.0,46.0,1.0,96.0,6.0,0.302,119.0,66.0,33.0,16.0,68.0,51.0,65.0,4.0,113.0,1.0,0.249
96,Maikel Franco,134.0,81.0,33.0,16.0,64.0,78.0,30.0,0.0,81.0,3.0,0.257,140.0,88.5,26.0,24.5,66.5,82.0,40.5,5.0,100.5,0.5,0.242
97,Manuel Margot,157.0,118.0,21.0,6.0,98.0,55.0,36.0,0.0,64.0,30.0,0.304,128.0,90.0,18.0,13.0,53.0,39.0,35.0,0.0,106.0,17.0,0.263
98,Mark Teahen,117.0,82.0,28.0,3.0,60.0,63.0,45.0,2.0,102.0,9.0,0.26,147.667,100.0,32.0,11.333,71.0,56.333,46.0,5.332999999999999,127.0,8.333,0.27
99,Mark Trumbo,160.0,90.0,29.0,36.0,103.0,122.0,58.0,8.0,126.0,3.0,0.301,141.5,83.333,25.333000000000002,31.166999999999998,75.167,86.5,40.667,2.833,151.333,3.5,0.251
100,Martin Prado,125.0,95.0,23.0,4.0,61.0,41.0,34.0,1.0,41.0,5.0,0.316,162.625,115.0,33.375,11.5,70.625,65.0,40.875,2.0,67.0,4.5,0.292
101,Matt Carpenter,130.0,86.0,29.0,12.0,61.0,70.0,84.0,1.0,68.0,5.0,0.3,153.0,91.0,39.8,18.2,99.6,71.6,87.6,3.6,118.6,2.8,0.275
102,Matt Dominguez,118.5,82.0,23.0,13.25,48.25,64.75,25.25,1.0,63.75,1.0,0.265,126.0,86.5,21.0,18.5,53.5,67.0,29.5,1.5,110.5,0.0,0.228
103,Matt Duffy,118.0,76.0,23.0,17.0,73.5,78.0,39.0,0.5,107.0,2.5,0.261,169.0,123.0,28.0,12.0,77.0,77.0,30.0,0.0,96.0,12.0,0.295
104,Matt Joyce,114.0,61.0,35.0,16.0,73.0,66.0,67.0,3.0,98.0,14.0,0.273,121.0,65.5,32.5,22.0,73.5,71.5,57.5,4.5,109.5,8.5,0.26
105,Melvin Upton Jr.,107.0,77.0,18.0,8.0,72.0,41.0,65.0,0.0,89.0,46.0,0.26899999999999996,131.375,82.125,27.875,18.125,78.875,65.125,62.0,2.375,157.75,33.0,0.248
106,Michael Brantley,122.0,93.0,21.0,6.0,80.0,37.0,59.0,1.0,48.0,46.0,0.267,170.25,117.0,38.25,12.75,72.75,78.5,51.25,6.25,57.5,16.75,0.302
107,Michael Morse,137.0,92.0,26.0,16.0,59.0,86.0,35.0,3.0,77.0,2.0,0.322,158.0,91.0,36.0,31.0,73.0,95.0,36.0,5.0,126.0,2.0,0.303
108,Michael Taylor,117.6,76.8,26.0,12.6,68.0,72.6,59.0,1.2,93.0,12.2,0.27699999999999997,108.0,77.0,15.0,14.0,49.0,63.0,35.0,9.0,158.0,16.0,0.22899999999999998
109,Mike Aviles,141.5,100.5,24.0,12.5,65.0,62.0,29.0,0.5,53.5,9.5,0.28,128.0,87.0,28.0,13.0,57.0,60.0,23.0,0.0,77.0,14.0,0.25
110,Mike Jacobs,135.333,81.0,32.0,21.0,76.0,95.0,55.667,3.333,103.667,1.3330000000000002,0.29,118.0,57.0,27.0,32.0,67.0,93.0,36.0,10.0,119.0,1.0,0.247
111,Mitch Moreland,102.0,59.0,29.0,12.0,52.0,65.0,47.0,2.0,63.0,2.0,0.289,118.0,70.8,25.6,21.2,58.6,67.0,41.6,4.0,111.8,0.8,0.25
112,Nate Schierholtz,137.0,83.0,31.0,16.0,67.0,68.0,17.0,3.0,58.0,10.0,0.33299999999999996,116.0,60.0,32.0,21.0,56.0,68.0,29.0,3.0,94.0,6.0,0.251
113,Neil Walker,108.0,60.5,28.0,15.0,53.5,74.5,27.5,0.5,81.0,7.5,0.253,140.0,92.2,28.8,16.2,68.6,70.4,48.0,3.4,99.8,4.6,0.26899999999999996
114,Nelson Cruz,121.5,71.0,20.0,28.5,80.5,86.0,49.0,3.0,93.5,20.5,0.322,152.857,87.0,29.0,36.0,84.14299999999999,96.85700000000001,53.714,5.428999999999999,139.571,6.7139999999999995,0.276
115,Nick Castellanos,147.0,91.0,37.0,18.0,81.0,76.0,54.0,2.0,100.0,4.0,0.276,148.333,91.0,33.333,17.333,55.0,80.0,38.667,1.3330000000000002,144.667,2.0,0.262
116,Omar Infante,138.0,104.0,31.0,3.0,46.0,37.0,24.0,2.0,50.0,3.0,0.282,149.0,113.0,22.5,8.25,59.75,53.75,29.25,1.25,65.5,9.25,0.281
117,Orlando Arcia,108.0,75.0,19.0,8.0,59.0,53.0,29.0,2.0,77.0,15.0,0.267,140.0,106.0,17.0,15.0,56.0,53.0,36.0,9.0,100.0,14.0,0.27699999999999997
118,Pedro Alvarez,131.0,73.0,31.0,26.0,60.0,89.0,42.0,2.0,137.0,1.0,0.239,129.0,71.0,23.5,33.0,67.0,92.5,52.5,6.5,183.0,1.5,0.23800000000000002
119,Peter Bourjos,130.0,92.0,13.0,13.0,85.0,52.0,24.0,1.0,78.0,27.0,0.314,136.0,87.0,26.0,12.0,72.0,43.0,32.0,0.0,124.0,22.0,0.271
120,Rajai Davis,109.0,89.0,17.0,2.0,53.0,21.0,27.0,0.0,59.0,45.0,0.28300000000000003,149.0,113.0,28.0,5.0,66.0,52.0,26.0,0.0,78.0,50.0,0.284
121,Reggie Willits,115.0,90.0,18.0,3.0,85.0,39.0,77.0,2.0,50.0,31.0,0.327,126.0,105.0,20.0,0.0,74.0,34.0,69.0,2.0,83.0,27.0,0.293
122,Robert Andino,128.2,89.6,22.4,10.8,65.8,52.0,31.4,0.2,107.0,11.8,0.256,120.0,93.0,22.0,5.0,63.0,36.0,41.0,0.0,83.0,13.0,0.263
123,Ryan Garko,85.0,56.5,14.5,13.5,42.5,53.5,43.0,1.5,64.5,2.5,0.24100000000000002,137.5,94.0,25.0,17.5,61.5,75.5,39.5,1.0,90.0,0.0,0.281
124,Ryan Ludwick,135.0,71.0,34.0,28.0,81.0,80.0,48.0,1.0,167.0,2.0,0.266,132.25,81.0,27.5,22.25,71.5,88.5,50.5,2.5,124.25,2.25,0.263
125,Ryan Roberts,107.2,67.4,26.0,11.2,55.2,55.0,51.8,1.2,77.0,7.4,0.27399999999999997,120.0,74.0,25.0,19.0,86.0,65.0,66.0,2.0,98.0,18.0,0.249
126,Ryan Sweeney,120.0,85.0,21.0,11.5,57.0,58.5,41.5,3.5,72.0,7.5,0.28300000000000003,142.0,102.0,31.0,6.0,68.0,53.0,40.0,1.0,67.0,6.0,0.293
127,Scott Schebler,104.0,66.0,16.0,13.0,57.0,50.0,40.0,8.0,93.0,15.0,0.24100000000000002,110.0,53.0,25.0,30.0,63.0,67.0,39.0,5.0,125.0,5.0,0.233
128,Seth Smith,143.0,88.0,32.0,17.0,68.0,82.0,39.0,0.0,73.0,7.0,0.317,126.5,74.5,31.5,13.5,61.0,53.5,57.5,5.0,90.0,5.5,0.275
129,Shin-Soo Choo,121.0,84.0,21.0,13.0,71.0,48.0,45.0,3.0,73.0,26.0,0.32299999999999995,153.714,100.85700000000001,31.0,19.429000000000002,87.286,71.0,79.571,3.714,137.714,14.714,0.278
130,Skip Schumaker,113.0,94.0,13.0,3.0,47.0,27.0,23.0,1.0,48.0,11.0,0.306,150.0,117.333,24.666999999999998,5.667000000000001,79.333,41.0,47.333,2.0,64.333,5.0,0.29
131,Starling Marte,111.0,65.0,21.0,12.0,64.0,62.0,28.0,5.0,91.0,21.0,0.28600000000000003,151.25,102.5,29.75,13.25,77.75,54.5,27.0,2.5,124.0,37.0,0.292
132,Stephen Piscotty,144.0,103.0,32.0,9.0,70.0,69.0,43.0,2.0,61.0,11.0,0.28800000000000003,159.0,99.0,35.0,22.0,86.0,85.0,51.0,0.0,133.0,7.0,0.273
133,Stephen Vogt,95.0,64.0,18.0,9.0,48.0,43.0,42.0,2.0,61.0,1.0,0.272,119.5,75.5,25.5,16.0,56.0,63.5,45.5,4.5,90.0,0.0,0.256
134,Steven Souza Jr.,121.0,76.0,25.0,18.0,62.0,75.0,52.0,3.0,75.0,26.0,0.35,125.0,72.0,21.0,30.0,78.0,78.0,84.0,2.0,179.0,16.0,0.239
135,Tim Beckham,127.0,91.0,25.0,4.0,71.0,51.0,44.0,0.0,108.0,17.0,0.276,148.0,103.0,18.0,22.0,67.0,62.0,36.0,0.0,167.0,6.0,0.278
136,Todd Frazier,124.0,71.0,32.0,17.0,71.0,66.0,45.0,6.0,127.0,14.0,0.258,135.8,77.8,26.8,30.0,79.2,83.2,58.6,1.8,137.8,11.6,0.24
137,Tommy Pham,112.0,80.0,16.0,10.0,63.0,44.0,38.0,1.0,81.0,20.0,0.324,136.0,89.0,22.0,23.0,95.0,73.0,71.0,0.0,117.0,25.0,0.306
138,Trevor Plouffe,105.0,65.5,22.5,12.5,53.0,54.5,30.5,0.5,79.0,4.0,0.252,131.667,80.333,32.333,16.667,62.333,72.667,45.667,1.0,115.0,2.0,0.252
139,Trey Mancini,135.0,95.0,22.0,13.0,60.0,54.0,48.0,1.0,123.0,2.0,0.28,159.0,105.0,26.0,24.0,65.0,78.0,33.0,1.0,139.0,1.0,0.293
140,Whit Merrifield,144.0,105.0,29.0,5.0,83.0,38.0,39.0,1.0,66.0,32.0,0.265,169.0,112.0,32.0,19.0,80.0,78.0,29.0,0.0,88.0,34.0,0.28800000000000003
141,Wil Myers,118.0,74.0,15.0,24.0,66.0,79.0,45.0,2.0,98.0,2.0,0.304,146.5,85.0,29.0,29.0,89.5,84.0,69.0,2.0,170.0,24.0,0.251
142,Will Venable,129.0,85.0,26.0,14.0,70.0,58.0,44.0,0.0,103.0,7.0,0.292,129.0,77.0,22.0,22.0,64.0,53.0,29.0,4.0,118.0,22.0,0.268
143,Willy Taveras,118.0,86.0,17.0,10.0,67.0,44.0,21.0,1.0,51.0,13.0,0.302,120.0,102.0,15.0,1.0,64.0,26.0,36.0,0.0,79.0,68.0,0.251
144,Wilmer Flores,136.0,81.0,36.0,15.0,69.0,86.0,25.0,2.0,63.0,1.0,0.321,127.0,89.0,22.0,16.0,55.0,59.0,19.0,2.0,63.0,0.0,0.263
145,Xavier Nady,131.0,90.0,26.0,15.0,69.0,65.0,41.0,0.0,91.0,4.0,0.29600000000000004,169.0,106.0,37.0,25.0,76.0,97.0,39.0,2.0,103.0,2.0,0.305
146,Yangervis Solarte,147.0,106.0,29.5,11.5,67.5,64.5,40.0,2.0,56.5,3.0,0.282,127.667,87.667,24.333000000000002,14.0,56.0,58.333,41.333,1.6669999999999998,58.333,1.3330000000000002,0.262
147,Yonder Alonso,113.0,70.5,27.5,12.0,48.0,56.0,41.5,4.0,68.0,7.5,0.29600000000000004,130.667,84.333,31.666999999999998,14.667,57.0,61.667,58.333,5.332999999999999,97.667,2.667,0.264
148,Zack Cozart,141.0,90.0,30.0,17.0,91.0,67.0,40.0,0.0,107.0,30.0,0.255,128.2,83.2,26.6,14.2,68.2,49.8,36.2,1.6,91.2,3.6,0.254
